scenario,workload,policy,quantization_scheme,prefetch_enabled,accesses,miss_count,eviction_count,avg_latency_ms,overall_hit_rate,bytes_moved,demand_bytes_moved,prefetch_bytes_moved,prefetch_requests,useful_prefetches,wasted_prefetches,prefetch_usefulness,tier_hit_rate,peak_footprint_bytes
small_fp16_prefetch,chat_continuation,lru,fp16,True,256,17,2,0.32308964843750043,0.93359375,77460,77460,0,0,0,0,0.0,"{""tier0_gpu_fast"": 0.93359375}","{""tier0_gpu_fast"": 61464, ""tier1_gpu_overflow"": 7998, ""tier2_host_ram"": 0, ""tier3_nvme_like"": 4220}"
small_fp16_prefetch,chat_continuation,windowed_recency,fp16,True,256,17,2,0.32308964843750043,0.93359375,77460,77460,0,0,0,0,0.0,"{""tier0_gpu_fast"": 0.93359375}","{""tier0_gpu_fast"": 61464, ""tier1_gpu_overflow"": 7998, ""tier2_host_ram"": 0, ""tier3_nvme_like"": 4220}"
small_fp16_prefetch,chat_continuation,heavy_hitter,fp16,True,256,17,2,0.32308964843750043,0.93359375,77460,77460,0,0,0,0,0.0,"{""tier0_gpu_fast"": 0.93359375}","{""tier0_gpu_fast"": 61464, ""tier1_gpu_overflow"": 7998, ""tier2_host_ram"": 0, ""tier3_nvme_like"": 4220}"
small_fp16_prefetch,chat_continuation,cost_aware,fp16,True,256,17,2,0.32308964843750043,0.93359375,77460,77460,0,0,0,0,0.0,"{""tier0_gpu_fast"": 0.93359375}","{""tier0_gpu_fast"": 61464, ""tier1_gpu_overflow"": 7998, ""tier2_host_ram"": 0, ""tier3_nvme_like"": 4220}"
small_fp16_prefetch,chat_continuation,predictive,fp16,True,256,17,2,0.32308964843750043,0.93359375,77460,77460,0,0,0,0,0.0,"{""tier0_gpu_fast"": 0.93359375}","{""tier0_gpu_fast"": 61464, ""tier1_gpu_overflow"": 7998, ""tier2_host_ram"": 0, ""tier3_nvme_like"": 4220}"
small_fp16_prefetch,chat_continuation,regret_aware,fp16,True,256,17,2,0.32308964843750043,0.93359375,77460,77460,0,0,0,0,0.0,"{""tier0_gpu_fast"": 0.93359375}","{""tier0_gpu_fast"": 61464, ""tier1_gpu_overflow"": 7998, ""tier2_host_ram"": 0, ""tier3_nvme_like"": 4220}"
small_fp16_prefetch,rag_burst,lru,fp16,True,320,212,243,1.425326562499997,0.3375,2098894,2098894,0,0,0,0,0.0,"{""tier0_gpu_fast"": 0.3375, ""tier1_gpu_overflow"": 0.403125, ""tier2_host_ram"": 0.04375}","{""tier0_gpu_fast"": 60628, ""tier1_gpu_overflow"": 125272, ""tier2_host_ram"": 138168, ""tier3_nvme_like"": 4728}"
small_fp16_prefetch,rag_burst,windowed_recency,fp16,True,320,198,229,1.4090148437499965,0.38125,1968504,1968504,0,0,0,0,0.0,"{""tier0_gpu_fast"": 0.38125, ""tier1_gpu_overflow"": 0.359375, ""tier2_host_ram"": 0.04375}","{""tier0_gpu_fast"": 63998, ""tier1_gpu_overflow"": 125128, ""tier2_host_ram"": 138168, ""tier3_nvme_like"": 4728}"
small_fp16_prefetch,rag_burst,heavy_hitter,fp16,True,320,159,191,1.369141406249997,0.503125,1611732,1611732,0,0,0,0,0.0,"{""tier0_gpu_fast"": 0.503125, ""tier1_gpu_overflow"": 0.234375, ""tier2_host_ram"": 0.046875}","{""tier0_gpu_fast"": 60416, ""tier1_gpu_overflow"": 124638, ""tier2_host_ram"": 137602, ""tier3_nvme_like"": 4728}"
small_fp16_prefetch,rag_burst,cost_aware,fp16,True,320,158,190,1.367998749999997,0.50625,1602706,1602706,0,0,0,0,0.0,"{""tier0_gpu_fast"": 0.50625, ""tier1_gpu_overflow"": 0.23125, ""tier2_host_ram"": 0.046875}","{""tier0_gpu_fast"": 60416, ""tier1_gpu_overflow"": 124614, ""tier2_host_ram"": 137602, ""tier3_nvme_like"": 4728}"
small_fp16_prefetch,rag_burst,predictive,fp16,True,320,159,202,1.382627343749997,0.503125,1713424,1662692,50732,11,1,10,0.09090909090909091,"{""tier0_gpu_fast"": 0.503125, ""tier1_gpu_overflow"": 0.234375, ""tier2_host_ram"": 0.046875}","{""tier0_gpu_fast"": 60416, ""tier1_gpu_overflow"": 124692, ""tier2_host_ram"": 137734, ""tier3_nvme_like"": 4728}"
small_fp16_prefetch,rag_burst,regret_aware,fp16,True,320,152,184,1.3609970312499966,0.525,1546396,1546396,0,0,0,0,0.0,"{""tier0_gpu_fast"": 0.525, ""tier1_gpu_overflow"": 0.2125, ""tier2_host_ram"": 0.046875}","{""tier0_gpu_fast"": 60418, ""tier1_gpu_overflow"": 124556, ""tier2_host_ram"": 137674, ""tier3_nvme_like"": 4728}"
small_fp16_prefetch,periodic_reuse,lru,fp16,True,320,9,0,0.14788437500000304,0.971875,36846,36846,0,0,0,0,0.0,"{""tier0_gpu_fast"": 0.971875}","{""tier0_gpu_fast"": 36846, ""tier1_gpu_overflow"": 0, ""tier2_host_ram"": 0, ""tier3_nvme_like"": 4188}"
small_fp16_prefetch,periodic_reuse,windowed_recency,fp16,True,320,9,0,0.14788437500000304,0.971875,36846,36846,0,0,0,0,0.0,"{""tier0_gpu_fast"": 0.971875}","{""tier0_gpu_fast"": 36846, ""tier1_gpu_overflow"": 0, ""tier2_host_ram"": 0, ""tier3_nvme_like"": 4188}"
small_fp16_prefetch,periodic_reuse,heavy_hitter,fp16,True,320,9,0,0.14788437500000304,0.971875,36846,36846,0,0,0,0,0.0,"{""tier0_gpu_fast"": 0.971875}","{""tier0_gpu_fast"": 36846, ""tier1_gpu_overflow"": 0, ""tier2_host_ram"": 0, ""tier3_nvme_like"": 4188}"
small_fp16_prefetch,periodic_reuse,cost_aware,fp16,True,320,9,0,0.14788437500000304,0.971875,36846,36846,0,0,0,0,0.0,"{""tier0_gpu_fast"": 0.971875}","{""tier0_gpu_fast"": 36846, ""tier1_gpu_overflow"": 0, ""tier2_host_ram"": 0, ""tier3_nvme_like"": 4188}"
small_fp16_prefetch,periodic_reuse,predictive,fp16,True,320,9,0,0.14788437500000304,0.971875,36846,36846,0,0,0,0,0.0,"{""tier0_gpu_fast"": 0.971875}","{""tier0_gpu_fast"": 36846, ""tier1_gpu_overflow"": 0, ""tier2_host_ram"": 0, ""tier3_nvme_like"": 4188}"
small_fp16_prefetch,periodic_reuse,regret_aware,fp16,True,320,9,0,0.14788437500000304,0.971875,36846,36846,0,0,0,0,0.0,"{""tier0_gpu_fast"": 0.971875}","{""tier0_gpu_fast"": 36846, ""tier1_gpu_overflow"": 0, ""tier2_host_ram"": 0, ""tier3_nvme_like"": 4188}"
small_fp16_prefetch,long_tail_mix,lru,fp16,True,400,144,145,0.8259716249999995,0.64,1188046,1188046,0,0,0,0,0.0,"{""tier0_gpu_fast"": 0.64, ""tier1_gpu_overflow"": 0.2075, ""tier2_host_ram"": 0.005}","{""tier0_gpu_fast"": 61948, ""tier1_gpu_overflow"": 127616, ""tier2_host_ram"": 57648, ""tier3_nvme_like"": 4224}"
small_fp16_prefetch,long_tail_mix,windowed_recency,fp16,True,400,134,135,0.8173326249999993,0.665,1105822,1105822,0,0,0,0,0.0,"{""tier0_gpu_fast"": 0.665, ""tier1_gpu_overflow"": 0.1825, ""tier2_host_ram"": 0.005}","{""tier0_gpu_fast"": 61948, ""tier1_gpu_overflow"": 127616, ""tier2_host_ram"": 57648, ""tier3_nvme_like"": 4224}"
small_fp16_prefetch,long_tail_mix,heavy_hitter,fp16,True,400,83,84,0.773210125,0.7925,685254,685254,0,0,0,0,0.0,"{""tier0_gpu_fast"": 0.7925, ""tier1_gpu_overflow"": 0.055, ""tier2_host_ram"": 0.005}","{""tier0_gpu_fast"": 61848, ""tier1_gpu_overflow"": 127466, ""tier2_host_ram"": 57700, ""tier3_nvme_like"": 4224}"
small_fp16_prefetch,long_tail_mix,cost_aware,fp16,True,400,83,84,0.77325075,0.7925,685384,685384,0,0,0,0,0.0,"{""tier0_gpu_fast"": 0.7925, ""tier1_gpu_overflow"": 0.055, ""tier2_host_ram"": 0.005}","{""tier0_gpu_fast"": 61848, ""tier1_gpu_overflow"": 127466, ""tier2_host_ram"": 57830, ""tier3_nvme_like"": 4224}"
small_fp16_prefetch,long_tail_mix,predictive,fp16,True,400,83,84,0.7732069999999999,0.7925,685244,685244,0,0,0,0,0.0,"{""tier0_gpu_fast"": 0.7925, ""tier1_gpu_overflow"": 0.055, ""tier2_host_ram"": 0.005}","{""tier0_gpu_fast"": 61848, ""tier1_gpu_overflow"": 127466, ""tier2_host_ram"": 57690, ""tier3_nvme_like"": 4224}"
small_fp16_prefetch,long_tail_mix,regret_aware,fp16,True,400,83,84,0.773192875,0.7925,684978,684978,0,0,0,0,0.0,"{""tier0_gpu_fast"": 0.7925, ""tier1_gpu_overflow"": 0.055, ""tier2_host_ram"": 0.005}","{""tier0_gpu_fast"": 61858, ""tier1_gpu_overflow"": 127374, ""tier2_host_ram"": 57700, ""tier3_nvme_like"": 4224}"
small_fp16_prefetch,prefetch_friendly,lru,fp16,True,240,240,419,2.5754233333333323,0.0,2699078,2699078,0,0,0,0,0.0,"{""tier2_host_ram"": 0.8}","{""tier0_gpu_fast"": 61822, ""tier1_gpu_overflow"": 127384, ""tier2_host_ram"": 12546, ""tier3_nvme_like"": 4224}"
small_fp16_prefetch,prefetch_friendly,windowed_recency,fp16,True,240,240,419,2.5754233333333323,0.0,2699078,2699078,0,0,0,0,0.0,"{""tier2_host_ram"": 0.8}","{""tier0_gpu_fast"": 61822, ""tier1_gpu_overflow"": 127384, ""tier2_host_ram"": 12546, ""tier3_nvme_like"": 4224}"
small_fp16_prefetch,prefetch_friendly,heavy_hitter,fp16,True,240,240,419,2.5754233333333323,0.0,2699078,2699078,0,0,0,0,0.0,"{""tier2_host_ram"": 0.8}","{""tier0_gpu_fast"": 61822, ""tier1_gpu_overflow"": 127384, ""tier2_host_ram"": 12546, ""tier3_nvme_like"": 4224}"
small_fp16_prefetch,prefetch_friendly,cost_aware,fp16,True,240,240,337,2.009715833333333,0.0,2369622,2369622,0,0,0,0,0.0,"{""tier1_gpu_overflow"": 0.3416666666666667, ""tier2_host_ram"": 0.4583333333333333}","{""tier0_gpu_fast"": 61702, ""tier1_gpu_overflow"": 127436, ""tier2_host_ram"": 12634, ""tier3_nvme_like"": 4224}"
small_fp16_prefetch,prefetch_friendly,predictive,fp16,True,240,97,421,2.595751249999989,0.5958333333333333,2711186,2121344,589842,144,143,1,0.9930555555555556,"{""tier0_gpu_fast"": 0.5958333333333333, ""tier2_host_ram"": 0.20416666666666666}","{""tier0_gpu_fast"": 61822, ""tier1_gpu_overflow"": 127384, ""tier2_host_ram"": 12546, ""tier3_nvme_like"": 4224}"
small_fp16_prefetch,prefetch_friendly,regret_aware,fp16,True,240,240,419,2.5754233333333323,0.0,2699078,2699078,0,0,0,0,0.0,"{""tier2_host_ram"": 0.8}","{""tier0_gpu_fast"": 61822, ""tier1_gpu_overflow"": 127384, ""tier2_host_ram"": 12546, ""tier3_nvme_like"": 4224}"
small_fp16_prefetch,adversarial_burst,lru,fp16,True,320,318,458,2.380193593749998,0.006249999999999978,3271108,3271108,0,0,0,0,0.0,"{""tier0_gpu_fast"": 0.00625, ""tier1_gpu_overflow"": 0.371875, ""tier2_host_ram"": 0.325}","{""tier0_gpu_fast"": 63842, ""tier1_gpu_overflow"": 127094, ""tier2_host_ram"": 215972, ""tier3_nvme_like"": 4350}"
small_fp16_prefetch,adversarial_burst,windowed_recency,fp16,True,320,318,458,2.380193593749998,0.006249999999999978,3271108,3271108,0,0,0,0,0.0,"{""tier0_gpu_fast"": 0.00625, ""tier1_gpu_overflow"": 0.371875, ""tier2_host_ram"": 0.325}","{""tier0_gpu_fast"": 63842, ""tier1_gpu_overflow"": 127094, ""tier2_host_ram"": 215972, ""tier3_nvme_like"": 4350}"
small_fp16_prefetch,adversarial_burst,heavy_hitter,fp16,True,320,285,428,2.3605145312499998,0.109375,3006304,3006304,0,0,0,0,0.0,"{""tier0_gpu_fast"": 0.109375, ""tier1_gpu_overflow"": 0.259375, ""tier2_host_ram"": 0.334375}","{""tier0_gpu_fast"": 63642, ""tier1_gpu_overflow"": 127008, ""tier2_host_ram"": 215640, ""tier3_nvme_like"": 4350}"
small_fp16_prefetch,adversarial_burst,cost_aware,fp16,True,320,284,427,2.359657968749999,0.11250000000000004,2998636,2998636,0,0,0,0,0.0,"{""tier0_gpu_fast"": 0.1125, ""tier1_gpu_overflow"": 0.25625, ""tier2_host_ram"": 0.334375}","{""tier0_gpu_fast"": 63642, ""tier1_gpu_overflow"": 127082, ""tier2_host_ram"": 215714, ""tier3_nvme_like"": 4350}"
small_fp16_prefetch,adversarial_burst,predictive,fp16,True,320,285,453,2.4035006249999986,0.109375,3200726,3111784,88942,21,1,20,0.047619047619047616,"{""tier0_gpu_fast"": 0.109375, ""tier1_gpu_overflow"": 0.259375, ""tier2_host_ram"": 0.334375}","{""tier0_gpu_fast"": 63664, ""tier1_gpu_overflow"": 127008, ""tier2_host_ram"": 219666, ""tier3_nvme_like"": 4350}"
small_fp16_prefetch,adversarial_burst,regret_aware,fp16,True,320,274,413,2.3271957812500004,0.14375000000000004,2896560,2896560,0,0,0,0,0.0,"{""tier0_gpu_fast"": 0.14375, ""tier1_gpu_overflow"": 0.2375, ""tier2_host_ram"": 0.321875}","{""tier0_gpu_fast"": 63654, ""tier1_gpu_overflow"": 127008, ""tier2_host_ram"": 215490, ""tier3_nvme_like"": 4350}"
small_fp16_prefetch,mixed_locality,lru,fp16,True,360,194,302,2.023241111111107,0.46111111111111114,2155752,2155752,0,0,0,0,0.0,"{""tier0_gpu_fast"": 0.46111111111111114, ""tier1_gpu_overflow"": 0.08055555555555556, ""tier2_host_ram"": 0.1527777777777778}","{""tier0_gpu_fast"": 61534, ""tier1_gpu_overflow"": 127034, ""tier2_host_ram"": 296126, ""tier3_nvme_like"": 4478}"
small_fp16_prefetch,mixed_locality,windowed_recency,fp16,True,360,193,301,2.0222949999999953,0.4638888888888889,2147728,2147728,0,0,0,0,0.0,"{""tier0_gpu_fast"": 0.4638888888888889, ""tier1_gpu_overflow"": 0.07777777777777778, ""tier2_host_ram"": 0.1527777777777778}","{""tier0_gpu_fast"": 61534, ""tier1_gpu_overflow"": 127034, ""tier2_host_ram"": 296126, ""tier3_nvme_like"": 4478}"
small_fp16_prefetch,mixed_locality,heavy_hitter,fp16,True,360,210,284,1.8763219444444397,0.41666666666666663,2149348,2149348,0,0,0,0,0.0,"{""tier0_gpu_fast"": 0.4166666666666667, ""tier1_gpu_overflow"": 0.21944444444444444, ""tier2_host_ram"": 0.058333333333333334}","{""tier0_gpu_fast"": 61036, ""tier1_gpu_overflow"": 126486, ""tier2_host_ram"": 296132, ""tier3_nvme_like"": 4478}"
small_fp16_prefetch,mixed_locality,cost_aware,fp16,True,360,209,283,1.8754174999999953,0.4194444444444444,2140996,2140996,0,0,0,0,0.0,"{""tier0_gpu_fast"": 0.41944444444444445, ""tier1_gpu_overflow"": 0.21666666666666667, ""tier2_host_ram"": 0.058333333333333334}","{""tier0_gpu_fast"": 61010, ""tier1_gpu_overflow"": 126418, ""tier2_host_ram"": 296536, ""tier3_nvme_like"": 4478}"
small_fp16_prefetch,mixed_locality,predictive,fp16,True,360,212,317,1.9108449999999957,0.4111111111111111,2436880,2301718,135162,31,1,30,0.03225806451612903,"{""tier0_gpu_fast"": 0.4111111111111111, ""tier1_gpu_overflow"": 0.225, ""tier2_host_ram"": 0.058333333333333334}","{""tier0_gpu_fast"": 61036, ""tier1_gpu_overflow"": 126486, ""tier2_host_ram"": 296130, ""tier3_nvme_like"": 4478}"
small_fp16_prefetch,mixed_locality,regret_aware,fp16,True,360,213,287,1.8792630555555507,0.4083333333333333,2174420,2174420,0,0,0,0,0.0,"{""tier0_gpu_fast"": 0.4083333333333333, ""tier1_gpu_overflow"": 0.22777777777777777, ""tier2_host_ram"": 0.058333333333333334}","{""tier0_gpu_fast"": 61048, ""tier1_gpu_overflow"": 126552, ""tier2_host_ram"": 296132, ""tier3_nvme_like"": 4478}"
small_fp16_no_prefetch,chat_continuation,lru,fp16,False,256,17,2,0.32308964843750043,0.93359375,77460,77460,0,0,0,0,0.0,"{""tier0_gpu_fast"": 0.93359375}","{""tier0_gpu_fast"": 61464, ""tier1_gpu_overflow"": 7998, ""tier2_host_ram"": 0, ""tier3_nvme_like"": 4220}"
small_fp16_no_prefetch,chat_continuation,windowed_recency,fp16,False,256,17,2,0.32308964843750043,0.93359375,77460,77460,0,0,0,0,0.0,"{""tier0_gpu_fast"": 0.93359375}","{""tier0_gpu_fast"": 61464, ""tier1_gpu_overflow"": 7998, ""tier2_host_ram"": 0, ""tier3_nvme_like"": 4220}"
small_fp16_no_prefetch,chat_continuation,heavy_hitter,fp16,False,256,17,2,0.32308964843750043,0.93359375,77460,77460,0,0,0,0,0.0,"{""tier0_gpu_fast"": 0.93359375}","{""tier0_gpu_fast"": 61464, ""tier1_gpu_overflow"": 7998, ""tier2_host_ram"": 0, ""tier3_nvme_like"": 4220}"
small_fp16_no_prefetch,chat_continuation,cost_aware,fp16,False,256,17,2,0.32308964843750043,0.93359375,77460,77460,0,0,0,0,0.0,"{""tier0_gpu_fast"": 0.93359375}","{""tier0_gpu_fast"": 61464, ""tier1_gpu_overflow"": 7998, ""tier2_host_ram"": 0, ""tier3_nvme_like"": 4220}"
small_fp16_no_prefetch,chat_continuation,predictive,fp16,False,256,17,2,0.32308964843750043,0.93359375,77460,77460,0,0,0,0,0.0,"{""tier0_gpu_fast"": 0.93359375}","{""tier0_gpu_fast"": 61464, ""tier1_gpu_overflow"": 7998, ""tier2_host_ram"": 0, ""tier3_nvme_like"": 4220}"
small_fp16_no_prefetch,chat_continuation,regret_aware,fp16,False,256,17,2,0.32308964843750043,0.93359375,77460,77460,0,0,0,0,0.0,"{""tier0_gpu_fast"": 0.93359375}","{""tier0_gpu_fast"": 61464, ""tier1_gpu_overflow"": 7998, ""tier2_host_ram"": 0, ""tier3_nvme_like"": 4220}"
small_fp16_no_prefetch,rag_burst,lru,fp16,False,320,212,243,1.425326562499997,0.3375,2098894,2098894,0,0,0,0,0.0,"{""tier0_gpu_fast"": 0.3375, ""tier1_gpu_overflow"": 0.403125, ""tier2_host_ram"": 0.04375}","{""tier0_gpu_fast"": 60628, ""tier1_gpu_overflow"": 125272, ""tier2_host_ram"": 138168, ""tier3_nvme_like"": 4728}"
small_fp16_no_prefetch,rag_burst,windowed_recency,fp16,False,320,198,229,1.4090148437499965,0.38125,1968504,1968504,0,0,0,0,0.0,"{""tier0_gpu_fast"": 0.38125, ""tier1_gpu_overflow"": 0.359375, ""tier2_host_ram"": 0.04375}","{""tier0_gpu_fast"": 63998, ""tier1_gpu_overflow"": 125128, ""tier2_host_ram"": 138168, ""tier3_nvme_like"": 4728}"
small_fp16_no_prefetch,rag_burst,heavy_hitter,fp16,False,320,159,191,1.369141406249997,0.503125,1611732,1611732,0,0,0,0,0.0,"{""tier0_gpu_fast"": 0.503125, ""tier1_gpu_overflow"": 0.234375, ""tier2_host_ram"": 0.046875}","{""tier0_gpu_fast"": 60416, ""tier1_gpu_overflow"": 124638, ""tier2_host_ram"": 137602, ""tier3_nvme_like"": 4728}"
small_fp16_no_prefetch,rag_burst,cost_aware,fp16,False,320,158,190,1.367998749999997,0.50625,1602706,1602706,0,0,0,0,0.0,"{""tier0_gpu_fast"": 0.50625, ""tier1_gpu_overflow"": 0.23125, ""tier2_host_ram"": 0.046875}","{""tier0_gpu_fast"": 60416, ""tier1_gpu_overflow"": 124614, ""tier2_host_ram"": 137602, ""tier3_nvme_like"": 4728}"
small_fp16_no_prefetch,rag_burst,predictive,fp16,False,320,159,191,1.369192968749997,0.503125,1611864,1611864,0,0,0,0,0.0,"{""tier0_gpu_fast"": 0.503125, ""tier1_gpu_overflow"": 0.234375, ""tier2_host_ram"": 0.046875}","{""tier0_gpu_fast"": 60416, ""tier1_gpu_overflow"": 124692, ""tier2_host_ram"": 137734, ""tier3_nvme_like"": 4728}"
small_fp16_no_prefetch,rag_burst,regret_aware,fp16,False,320,152,184,1.3609970312499966,0.525,1546396,1546396,0,0,0,0,0.0,"{""tier0_gpu_fast"": 0.525, ""tier1_gpu_overflow"": 0.2125, ""tier2_host_ram"": 0.046875}","{""tier0_gpu_fast"": 60418, ""tier1_gpu_overflow"": 124556, ""tier2_host_ram"": 137674, ""tier3_nvme_like"": 4728}"
small_fp16_no_prefetch,periodic_reuse,lru,fp16,False,320,9,0,0.14788437500000304,0.971875,36846,36846,0,0,0,0,0.0,"{""tier0_gpu_fast"": 0.971875}","{""tier0_gpu_fast"": 36846, ""tier1_gpu_overflow"": 0, ""tier2_host_ram"": 0, ""tier3_nvme_like"": 4188}"
small_fp16_no_prefetch,periodic_reuse,windowed_recency,fp16,False,320,9,0,0.14788437500000304,0.971875,36846,36846,0,0,0,0,0.0,"{""tier0_gpu_fast"": 0.971875}","{""tier0_gpu_fast"": 36846, ""tier1_gpu_overflow"": 0, ""tier2_host_ram"": 0, ""tier3_nvme_like"": 4188}"
small_fp16_no_prefetch,periodic_reuse,heavy_hitter,fp16,False,320,9,0,0.14788437500000304,0.971875,36846,36846,0,0,0,0,0.0,"{""tier0_gpu_fast"": 0.971875}","{""tier0_gpu_fast"": 36846, ""tier1_gpu_overflow"": 0, ""tier2_host_ram"": 0, ""tier3_nvme_like"": 4188}"
small_fp16_no_prefetch,periodic_reuse,cost_aware,fp16,False,320,9,0,0.14788437500000304,0.971875,36846,36846,0,0,0,0,0.0,"{""tier0_gpu_fast"": 0.971875}","{""tier0_gpu_fast"": 36846, ""tier1_gpu_overflow"": 0, ""tier2_host_ram"": 0, ""tier3_nvme_like"": 4188}"
small_fp16_no_prefetch,periodic_reuse,predictive,fp16,False,320,9,0,0.14788437500000304,0.971875,36846,36846,0,0,0,0,0.0,"{""tier0_gpu_fast"": 0.971875}","{""tier0_gpu_fast"": 36846, ""tier1_gpu_overflow"": 0, ""tier2_host_ram"": 0, ""tier3_nvme_like"": 4188}"
small_fp16_no_prefetch,periodic_reuse,regret_aware,fp16,False,320,9,0,0.14788437500000304,0.971875,36846,36846,0,0,0,0,0.0,"{""tier0_gpu_fast"": 0.971875}","{""tier0_gpu_fast"": 36846, ""tier1_gpu_overflow"": 0, ""tier2_host_ram"": 0, ""tier3_nvme_like"": 4188}"
small_fp16_no_prefetch,long_tail_mix,lru,fp16,False,400,144,145,0.8259716249999995,0.64,1188046,1188046,0,0,0,0,0.0,"{""tier0_gpu_fast"": 0.64, ""tier1_gpu_overflow"": 0.2075, ""tier2_host_ram"": 0.005}","{""tier0_gpu_fast"": 61948, ""tier1_gpu_overflow"": 127616, ""tier2_host_ram"": 57648, ""tier3_nvme_like"": 4224}"
small_fp16_no_prefetch,long_tail_mix,windowed_recency,fp16,False,400,134,135,0.8173326249999993,0.665,1105822,1105822,0,0,0,0,0.0,"{""tier0_gpu_fast"": 0.665, ""tier1_gpu_overflow"": 0.1825, ""tier2_host_ram"": 0.005}","{""tier0_gpu_fast"": 61948, ""tier1_gpu_overflow"": 127616, ""tier2_host_ram"": 57648, ""tier3_nvme_like"": 4224}"
small_fp16_no_prefetch,long_tail_mix,heavy_hitter,fp16,False,400,83,84,0.773210125,0.7925,685254,685254,0,0,0,0,0.0,"{""tier0_gpu_fast"": 0.7925, ""tier1_gpu_overflow"": 0.055, ""tier2_host_ram"": 0.005}","{""tier0_gpu_fast"": 61848, ""tier1_gpu_overflow"": 127466, ""tier2_host_ram"": 57700, ""tier3_nvme_like"": 4224}"
small_fp16_no_prefetch,long_tail_mix,cost_aware,fp16,False,400,83,84,0.77325075,0.7925,685384,685384,0,0,0,0,0.0,"{""tier0_gpu_fast"": 0.7925, ""tier1_gpu_overflow"": 0.055, ""tier2_host_ram"": 0.005}","{""tier0_gpu_fast"": 61848, ""tier1_gpu_overflow"": 127466, ""tier2_host_ram"": 57830, ""tier3_nvme_like"": 4224}"
small_fp16_no_prefetch,long_tail_mix,predictive,fp16,False,400,83,84,0.7732069999999999,0.7925,685244,685244,0,0,0,0,0.0,"{""tier0_gpu_fast"": 0.7925, ""tier1_gpu_overflow"": 0.055, ""tier2_host_ram"": 0.005}","{""tier0_gpu_fast"": 61848, ""tier1_gpu_overflow"": 127466, ""tier2_host_ram"": 57690, ""tier3_nvme_like"": 4224}"
small_fp16_no_prefetch,long_tail_mix,regret_aware,fp16,False,400,83,84,0.773192875,0.7925,684978,684978,0,0,0,0,0.0,"{""tier0_gpu_fast"": 0.7925, ""tier1_gpu_overflow"": 0.055, ""tier2_host_ram"": 0.005}","{""tier0_gpu_fast"": 61858, ""tier1_gpu_overflow"": 127374, ""tier2_host_ram"": 57700, ""tier3_nvme_like"": 4224}"
small_fp16_no_prefetch,prefetch_friendly,lru,fp16,False,240,240,419,2.5754233333333323,0.0,2699078,2699078,0,0,0,0,0.0,"{""tier2_host_ram"": 0.8}","{""tier0_gpu_fast"": 61822, ""tier1_gpu_overflow"": 127384, ""tier2_host_ram"": 12546, ""tier3_nvme_like"": 4224}"
small_fp16_no_prefetch,prefetch_friendly,windowed_recency,fp16,False,240,240,419,2.5754233333333323,0.0,2699078,2699078,0,0,0,0,0.0,"{""tier2_host_ram"": 0.8}","{""tier0_gpu_fast"": 61822, ""tier1_gpu_overflow"": 127384, ""tier2_host_ram"": 12546, ""tier3_nvme_like"": 4224}"
small_fp16_no_prefetch,prefetch_friendly,heavy_hitter,fp16,False,240,240,419,2.5754233333333323,0.0,2699078,2699078,0,0,0,0,0.0,"{""tier2_host_ram"": 0.8}","{""tier0_gpu_fast"": 61822, ""tier1_gpu_overflow"": 127384, ""tier2_host_ram"": 12546, ""tier3_nvme_like"": 4224}"
small_fp16_no_prefetch,prefetch_friendly,cost_aware,fp16,False,240,240,337,2.009715833333333,0.0,2369622,2369622,0,0,0,0,0.0,"{""tier1_gpu_overflow"": 0.3416666666666667, ""tier2_host_ram"": 0.4583333333333333}","{""tier0_gpu_fast"": 61702, ""tier1_gpu_overflow"": 127436, ""tier2_host_ram"": 12634, ""tier3_nvme_like"": 4224}"
small_fp16_no_prefetch,prefetch_friendly,predictive,fp16,False,240,240,419,2.5754233333333323,0.0,2699078,2699078,0,0,0,0,0.0,"{""tier2_host_ram"": 0.8}","{""tier0_gpu_fast"": 61822, ""tier1_gpu_overflow"": 127384, ""tier2_host_ram"": 12546, ""tier3_nvme_like"": 4224}"
small_fp16_no_prefetch,prefetch_friendly,regret_aware,fp16,False,240,240,419,2.5754233333333323,0.0,2699078,2699078,0,0,0,0,0.0,"{""tier2_host_ram"": 0.8}","{""tier0_gpu_fast"": 61822, ""tier1_gpu_overflow"": 127384, ""tier2_host_ram"": 12546, ""tier3_nvme_like"": 4224}"
small_fp16_no_prefetch,adversarial_burst,lru,fp16,False,320,318,458,2.380193593749998,0.006249999999999978,3271108,3271108,0,0,0,0,0.0,"{""tier0_gpu_fast"": 0.00625, ""tier1_gpu_overflow"": 0.371875, ""tier2_host_ram"": 0.325}","{""tier0_gpu_fast"": 63842, ""tier1_gpu_overflow"": 127094, ""tier2_host_ram"": 215972, ""tier3_nvme_like"": 4350}"
small_fp16_no_prefetch,adversarial_burst,windowed_recency,fp16,False,320,318,458,2.380193593749998,0.006249999999999978,3271108,3271108,0,0,0,0,0.0,"{""tier0_gpu_fast"": 0.00625, ""tier1_gpu_overflow"": 0.371875, ""tier2_host_ram"": 0.325}","{""tier0_gpu_fast"": 63842, ""tier1_gpu_overflow"": 127094, ""tier2_host_ram"": 215972, ""tier3_nvme_like"": 4350}"
small_fp16_no_prefetch,adversarial_burst,heavy_hitter,fp16,False,320,285,428,2.3605145312499998,0.109375,3006304,3006304,0,0,0,0,0.0,"{""tier0_gpu_fast"": 0.109375, ""tier1_gpu_overflow"": 0.259375, ""tier2_host_ram"": 0.334375}","{""tier0_gpu_fast"": 63642, ""tier1_gpu_overflow"": 127008, ""tier2_host_ram"": 215640, ""tier3_nvme_like"": 4350}"
small_fp16_no_prefetch,adversarial_burst,cost_aware,fp16,False,320,284,427,2.359657968749999,0.11250000000000004,2998636,2998636,0,0,0,0,0.0,"{""tier0_gpu_fast"": 0.1125, ""tier1_gpu_overflow"": 0.25625, ""tier2_host_ram"": 0.334375}","{""tier0_gpu_fast"": 63642, ""tier1_gpu_overflow"": 127082, ""tier2_host_ram"": 215714, ""tier3_nvme_like"": 4350}"
small_fp16_no_prefetch,adversarial_burst,predictive,fp16,False,320,286,428,2.3560710937499993,0.10624999999999996,3010116,3010116,0,0,0,0,0.0,"{""tier0_gpu_fast"": 0.10625, ""tier1_gpu_overflow"": 0.265625, ""tier2_host_ram"": 0.33125}","{""tier0_gpu_fast"": 63664, ""tier1_gpu_overflow"": 127008, ""tier2_host_ram"": 215642, ""tier3_nvme_like"": 4350}"
small_fp16_no_prefetch,adversarial_burst,regret_aware,fp16,False,320,274,413,2.3271957812500004,0.14375000000000004,2896560,2896560,0,0,0,0,0.0,"{""tier0_gpu_fast"": 0.14375, ""tier1_gpu_overflow"": 0.2375, ""tier2_host_ram"": 0.321875}","{""tier0_gpu_fast"": 63654, ""tier1_gpu_overflow"": 127008, ""tier2_host_ram"": 215490, ""tier3_nvme_like"": 4350}"
small_fp16_no_prefetch,mixed_locality,lru,fp16,False,360,194,302,2.023241111111107,0.46111111111111114,2155752,2155752,0,0,0,0,0.0,"{""tier0_gpu_fast"": 0.46111111111111114, ""tier1_gpu_overflow"": 0.08055555555555556, ""tier2_host_ram"": 0.1527777777777778}","{""tier0_gpu_fast"": 61534, ""tier1_gpu_overflow"": 127034, ""tier2_host_ram"": 296126, ""tier3_nvme_like"": 4478}"
small_fp16_no_prefetch,mixed_locality,windowed_recency,fp16,False,360,193,301,2.0222949999999953,0.4638888888888889,2147728,2147728,0,0,0,0,0.0,"{""tier0_gpu_fast"": 0.4638888888888889, ""tier1_gpu_overflow"": 0.07777777777777778, ""tier2_host_ram"": 0.1527777777777778}","{""tier0_gpu_fast"": 61534, ""tier1_gpu_overflow"": 127034, ""tier2_host_ram"": 296126, ""tier3_nvme_like"": 4478}"
small_fp16_no_prefetch,mixed_locality,heavy_hitter,fp16,False,360,210,284,1.8763219444444397,0.41666666666666663,2149348,2149348,0,0,0,0,0.0,"{""tier0_gpu_fast"": 0.4166666666666667, ""tier1_gpu_overflow"": 0.21944444444444444, ""tier2_host_ram"": 0.058333333333333334}","{""tier0_gpu_fast"": 61036, ""tier1_gpu_overflow"": 126486, ""tier2_host_ram"": 296132, ""tier3_nvme_like"": 4478}"
small_fp16_no_prefetch,mixed_locality,cost_aware,fp16,False,360,209,283,1.8754174999999953,0.4194444444444444,2140996,2140996,0,0,0,0,0.0,"{""tier0_gpu_fast"": 0.41944444444444445, ""tier1_gpu_overflow"": 0.21666666666666667, ""tier2_host_ram"": 0.058333333333333334}","{""tier0_gpu_fast"": 61010, ""tier1_gpu_overflow"": 126418, ""tier2_host_ram"": 296536, ""tier3_nvme_like"": 4478}"
small_fp16_no_prefetch,mixed_locality,predictive,fp16,False,360,210,284,1.8763219444444397,0.41666666666666663,2149348,2149348,0,0,0,0,0.0,"{""tier0_gpu_fast"": 0.4166666666666667, ""tier1_gpu_overflow"": 0.21944444444444444, ""tier2_host_ram"": 0.058333333333333334}","{""tier0_gpu_fast"": 61036, ""tier1_gpu_overflow"": 126486, ""tier2_host_ram"": 296130, ""tier3_nvme_like"": 4478}"
small_fp16_no_prefetch,mixed_locality,regret_aware,fp16,False,360,213,287,1.8792630555555507,0.4083333333333333,2174420,2174420,0,0,0,0,0.0,"{""tier0_gpu_fast"": 0.4083333333333333, ""tier1_gpu_overflow"": 0.22777777777777777, ""tier2_host_ram"": 0.058333333333333334}","{""tier0_gpu_fast"": 61048, ""tier1_gpu_overflow"": 126552, ""tier2_host_ram"": 296132, ""tier3_nvme_like"": 4478}"
small_int4_no_prefetch,chat_continuation,lru,int4,False,256,17,0,0.24992773437499857,0.93359375,17363,17363,0,0,0,0,0.0,"{""tier0_gpu_fast"": 0.93359375}","{""tier0_gpu_fast"": 17363, ""tier1_gpu_overflow"": 0, ""tier2_host_ram"": 0, ""tier3_nvme_like"": 1055}"
small_int4_no_prefetch,chat_continuation,windowed_recency,int4,False,256,17,0,0.24992773437499857,0.93359375,17363,17363,0,0,0,0,0.0,"{""tier0_gpu_fast"": 0.93359375}","{""tier0_gpu_fast"": 17363, ""tier1_gpu_overflow"": 0, ""tier2_host_ram"": 0, ""tier3_nvme_like"": 1055}"
small_int4_no_prefetch,chat_continuation,heavy_hitter,int4,False,256,17,0,0.24992773437499857,0.93359375,17363,17363,0,0,0,0,0.0,"{""tier0_gpu_fast"": 0.93359375}","{""tier0_gpu_fast"": 17363, ""tier1_gpu_overflow"": 0, ""tier2_host_ram"": 0, ""tier3_nvme_like"": 1055}"
small_int4_no_prefetch,chat_continuation,cost_aware,int4,False,256,17,0,0.24992773437499857,0.93359375,17363,17363,0,0,0,0,0.0,"{""tier0_gpu_fast"": 0.93359375}","{""tier0_gpu_fast"": 17363, ""tier1_gpu_overflow"": 0, ""tier2_host_ram"": 0, ""tier3_nvme_like"": 1055}"
small_int4_no_prefetch,chat_continuation,predictive,int4,False,256,17,0,0.24992773437499857,0.93359375,17363,17363,0,0,0,0,0.0,"{""tier0_gpu_fast"": 0.93359375}","{""tier0_gpu_fast"": 17363, ""tier1_gpu_overflow"": 0, ""tier2_host_ram"": 0, ""tier3_nvme_like"": 1055}"
small_int4_no_prefetch,chat_continuation,regret_aware,int4,False,256,17,0,0.24992773437499857,0.93359375,17363,17363,0,0,0,0,0.0,"{""tier0_gpu_fast"": 0.93359375}","{""tier0_gpu_fast"": 17363, ""tier1_gpu_overflow"": 0, ""tier2_host_ram"": 0, ""tier3_nvme_like"": 1055}"
small_int4_no_prefetch,rag_burst,lru,int4,False,320,74,19,0.7226402343750061,0.76875,106792,106792,0,0,0,0,0.0,"{""tier0_gpu_fast"": 0.76875, ""tier1_gpu_overflow"": 0.015625}","{""tier0_gpu_fast"": 63402, ""tier1_gpu_overflow"": 16047, ""tier2_host_ram"": 0, ""tier3_nvme_like"": 1182}"
small_int4_no_prefetch,rag_burst,windowed_recency,int4,False,320,74,19,0.7226402343750061,0.76875,106792,106792,0,0,0,0,0.0,"{""tier0_gpu_fast"": 0.76875, ""tier1_gpu_overflow"": 0.015625}","{""tier0_gpu_fast"": 63402, ""tier1_gpu_overflow"": 16047, ""tier2_host_ram"": 0, ""tier3_nvme_like"": 1182}"
small_int4_no_prefetch,rag_burst,heavy_hitter,int4,False,320,73,18,0.7219364062500062,0.771875,104583,104583,0,0,0,0,0.0,"{""tier0_gpu_fast"": 0.771875, ""tier1_gpu_overflow"": 0.0125}","{""tier0_gpu_fast"": 63383, ""tier1_gpu_overflow"": 16094, ""tier2_host_ram"": 0, ""tier3_nvme_like"": 1182}"
small_int4_no_prefetch,rag_burst,cost_aware,int4,False,320,73,18,0.7219364062500062,0.771875,104583,104583,0,0,0,0,0.0,"{""tier0_gpu_fast"": 0.771875, ""tier1_gpu_overflow"": 0.0125}","{""tier0_gpu_fast"": 63358, ""tier1_gpu_overflow"": 16094, ""tier2_host_ram"": 0, ""tier3_nvme_like"": 1182}"
small_int4_no_prefetch,rag_burst,predictive,int4,False,320,73,18,0.7219354687500061,0.771875,104571,104571,0,0,0,0,0.0,"{""tier0_gpu_fast"": 0.771875, ""tier1_gpu_overflow"": 0.0125}","{""tier0_gpu_fast"": 63383, ""tier1_gpu_overflow"": 16082, ""tier2_host_ram"": 0, ""tier3_nvme_like"": 1182}"
small_int4_no_prefetch,rag_burst,regret_aware,int4,False,320,73,18,0.7219364062500062,0.771875,104583,104583,0,0,0,0,0.0,"{""tier0_gpu_fast"": 0.771875, ""tier1_gpu_overflow"": 0.0125}","{""tier0_gpu_fast"": 63383, ""tier1_gpu_overflow"": 16094, ""tier2_host_ram"": 0, ""tier3_nvme_like"": 1182}"
small_int4_no_prefetch,periodic_reuse,lru,int4,False,320,9,0,0.13470156249999823,0.971875,9209,9209,0,0,0,0,0.0,"{""tier0_gpu_fast"": 0.971875}","{""tier0_gpu_fast"": 9209, ""tier1_gpu_overflow"": 0, ""tier2_host_ram"": 0, ""tier3_nvme_like"": 1047}"
small_int4_no_prefetch,periodic_reuse,windowed_recency,int4,False,320,9,0,0.13470156249999823,0.971875,9209,9209,0,0,0,0,0.0,"{""tier0_gpu_fast"": 0.971875}","{""tier0_gpu_fast"": 9209, ""tier1_gpu_overflow"": 0, ""tier2_host_ram"": 0, ""tier3_nvme_like"": 1047}"
small_int4_no_prefetch,periodic_reuse,heavy_hitter,int4,False,320,9,0,0.13470156249999823,0.971875,9209,9209,0,0,0,0,0.0,"{""tier0_gpu_fast"": 0.971875}","{""tier0_gpu_fast"": 9209, ""tier1_gpu_overflow"": 0, ""tier2_host_ram"": 0, ""tier3_nvme_like"": 1047}"
small_int4_no_prefetch,periodic_reuse,cost_aware,int4,False,320,9,0,0.13470156249999823,0.971875,9209,9209,0,0,0,0,0.0,"{""tier0_gpu_fast"": 0.971875}","{""tier0_gpu_fast"": 9209, ""tier1_gpu_overflow"": 0, ""tier2_host_ram"": 0, ""tier3_nvme_like"": 1047}"
small_int4_no_prefetch,periodic_reuse,predictive,int4,False,320,9,0,0.13470156249999823,0.971875,9209,9209,0,0,0,0,0.0,"{""tier0_gpu_fast"": 0.971875}","{""tier0_gpu_fast"": 9209, ""tier1_gpu_overflow"": 0, ""tier2_host_ram"": 0, ""tier3_nvme_like"": 1047}"
small_int4_no_prefetch,periodic_reuse,regret_aware,int4,False,320,9,0,0.13470156249999823,0.971875,9209,9209,0,0,0,0,0.0,"{""tier0_gpu_fast"": 0.971875}","{""tier0_gpu_fast"": 9209, ""tier1_gpu_overflow"": 0, ""tier2_host_ram"": 0, ""tier3_nvme_like"": 1047}"
small_int4_no_prefetch,long_tail_mix,lru,int4,False,400,59,0,0.49447375000000376,0.8525,60579,60579,0,0,0,0,0.0,"{""tier0_gpu_fast"": 0.8525}","{""tier0_gpu_fast"": 60579, ""tier1_gpu_overflow"": 0, ""tier2_host_ram"": 0, ""tier3_nvme_like"": 1056}"
small_int4_no_prefetch,long_tail_mix,windowed_recency,int4,False,400,59,0,0.49447375000000376,0.8525,60579,60579,0,0,0,0,0.0,"{""tier0_gpu_fast"": 0.8525}","{""tier0_gpu_fast"": 60579, ""tier1_gpu_overflow"": 0, ""tier2_host_ram"": 0, ""tier3_nvme_like"": 1056}"
small_int4_no_prefetch,long_tail_mix,heavy_hitter,int4,False,400,59,0,0.49447375000000376,0.8525,60579,60579,0,0,0,0,0.0,"{""tier0_gpu_fast"": 0.8525}","{""tier0_gpu_fast"": 60579, ""tier1_gpu_overflow"": 0, ""tier2_host_ram"": 0, ""tier3_nvme_like"": 1056}"
small_int4_no_prefetch,long_tail_mix,cost_aware,int4,False,400,59,0,0.49447375000000376,0.8525,60579,60579,0,0,0,0,0.0,"{""tier0_gpu_fast"": 0.8525}","{""tier0_gpu_fast"": 60579, ""tier1_gpu_overflow"": 0, ""tier2_host_ram"": 0, ""tier3_nvme_like"": 1056}"
small_int4_no_prefetch,long_tail_mix,predictive,int4,False,400,59,0,0.49447375000000376,0.8525,60579,60579,0,0,0,0,0.0,"{""tier0_gpu_fast"": 0.8525}","{""tier0_gpu_fast"": 60579, ""tier1_gpu_overflow"": 0, ""tier2_host_ram"": 0, ""tier3_nvme_like"": 1056}"
small_int4_no_prefetch,long_tail_mix,regret_aware,int4,False,400,59,0,0.49447375000000376,0.8525,60579,60579,0,0,0,0,0.0,"{""tier0_gpu_fast"": 0.8525}","{""tier0_gpu_fast"": 60579, ""tier1_gpu_overflow"": 0, ""tier2_host_ram"": 0, ""tier3_nvme_like"": 1056}"
small_int4_no_prefetch,prefetch_friendly,lru,int4,False,240,48,0,0.6523770833333423,0.8,49141,49141,0,0,0,0,0.0,"{""tier0_gpu_fast"": 0.8}","{""tier0_gpu_fast"": 49141, ""tier1_gpu_overflow"": 0, ""tier2_host_ram"": 0, ""tier3_nvme_like"": 1056}"
small_int4_no_prefetch,prefetch_friendly,windowed_recency,int4,False,240,48,0,0.6523770833333423,0.8,49141,49141,0,0,0,0,0.0,"{""tier0_gpu_fast"": 0.8}","{""tier0_gpu_fast"": 49141, ""tier1_gpu_overflow"": 0, ""tier2_host_ram"": 0, ""tier3_nvme_like"": 1056}"
small_int4_no_prefetch,prefetch_friendly,heavy_hitter,int4,False,240,48,0,0.6523770833333423,0.8,49141,49141,0,0,0,0,0.0,"{""tier0_gpu_fast"": 0.8}","{""tier0_gpu_fast"": 49141, ""tier1_gpu_overflow"": 0, ""tier2_host_ram"": 0, ""tier3_nvme_like"": 1056}"
small_int4_no_prefetch,prefetch_friendly,cost_aware,int4,False,240,48,0,0.6523770833333423,0.8,49141,49141,0,0,0,0,0.0,"{""tier0_gpu_fast"": 0.8}","{""tier0_gpu_fast"": 49141, ""tier1_gpu_overflow"": 0, ""tier2_host_ram"": 0, ""tier3_nvme_like"": 1056}"
small_int4_no_prefetch,prefetch_friendly,predictive,int4,False,240,48,0,0.6523770833333423,0.8,49141,49141,0,0,0,0,0.0,"{""tier0_gpu_fast"": 0.8}","{""tier0_gpu_fast"": 49141, ""tier1_gpu_overflow"": 0, ""tier2_host_ram"": 0, ""tier3_nvme_like"": 1056}"
small_int4_no_prefetch,prefetch_friendly,regret_aware,int4,False,240,48,0,0.6523770833333423,0.8,49141,49141,0,0,0,0,0.0,"{""tier0_gpu_fast"": 0.8}","{""tier0_gpu_fast"": 49141, ""tier1_gpu_overflow"": 0, ""tier2_host_ram"": 0, ""tier3_nvme_like"": 1056}"
small_int4_no_prefetch,adversarial_burst,lru,int4,False,320,162,102,1.0102375781250055,0.49375,278572,278572,0,0,0,0,0.0,"{""tier0_gpu_fast"": 0.49375, ""tier1_gpu_overflow"": 0.209375}","{""tier0_gpu_fast"": 63371, ""tier1_gpu_overflow"": 38129, ""tier2_host_ram"": 0, ""tier3_nvme_like"": 1087}"
small_int4_no_prefetch,adversarial_burst,windowed_recency,int4,False,320,162,102,1.0102375781250055,0.49375,278572,278572,0,0,0,0,0.0,"{""tier0_gpu_fast"": 0.49375, ""tier1_gpu_overflow"": 0.209375}","{""tier0_gpu_fast"": 63371, ""tier1_gpu_overflow"": 38129, ""tier2_host_ram"": 0, ""tier3_nvme_like"": 1087}"
small_int4_no_prefetch,adversarial_burst,heavy_hitter,int4,False,320,165,105,1.0123267968750056,0.484375,284914,284914,0,0,0,0,0.0,"{""tier0_gpu_fast"": 0.484375, ""tier1_gpu_overflow"": 0.21875}","{""tier0_gpu_fast"": 63371, ""tier1_gpu_overflow"": 38052, ""tier2_host_ram"": 0, ""tier3_nvme_like"": 1087}"
small_int4_no_prefetch,adversarial_burst,cost_aware,int4,False,320,165,105,1.0123267968750056,0.484375,284914,284914,0,0,0,0,0.0,"{""tier0_gpu_fast"": 0.484375, ""tier1_gpu_overflow"": 0.21875}","{""tier0_gpu_fast"": 63371, ""tier1_gpu_overflow"": 38052, ""tier2_host_ram"": 0, ""tier3_nvme_like"": 1087}"
small_int4_no_prefetch,adversarial_burst,predictive,int4,False,320,161,101,1.0095413281250054,0.49687499999999996,276460,276460,0,0,0,0,0.0,"{""tier0_gpu_fast"": 0.496875, ""tier1_gpu_overflow"": 0.20625}","{""tier0_gpu_fast"": 63371, ""tier1_gpu_overflow"": 38057, ""tier2_host_ram"": 0, ""tier3_nvme_like"": 1087}"
small_int4_no_prefetch,adversarial_burst,regret_aware,int4,False,320,165,105,1.0123148437500054,0.484375,284761,284761,0,0,0,0,0.0,"{""tier0_gpu_fast"": 0.484375, ""tier1_gpu_overflow"": 0.21875}","{""tier0_gpu_fast"": 63371, ""tier1_gpu_overflow"": 38012, ""tier2_host_ram"": 0, ""tier3_nvme_like"": 1087}"
small_int4_no_prefetch,mixed_locality,lru,int4,False,360,147,89,1.022772222222225,0.5916666666666667,256317,256317,0,0,0,0,0.0,"{""tier0_gpu_fast"": 0.5916666666666667, ""tier1_gpu_overflow"": 0.10277777777777777}","{""tier0_gpu_fast"": 64000, ""tier1_gpu_overflow"": 57700, ""tier2_host_ram"": 0, ""tier3_nvme_like"": 1119}"
small_int4_no_prefetch,mixed_locality,windowed_recency,int4,False,360,147,89,1.022772222222225,0.5916666666666667,256317,256317,0,0,0,0,0.0,"{""tier0_gpu_fast"": 0.5916666666666667, ""tier1_gpu_overflow"": 0.10277777777777777}","{""tier0_gpu_fast"": 64000, ""tier1_gpu_overflow"": 57700, ""tier2_host_ram"": 0, ""tier3_nvme_like"": 1119}"
small_int4_no_prefetch,mixed_locality,heavy_hitter,int4,False,360,130,72,1.0122005555555598,0.6388888888888888,219685,219685,0,0,0,0,0.0,"{""tier0_gpu_fast"": 0.6388888888888888, ""tier1_gpu_overflow"": 0.05555555555555555}","{""tier0_gpu_fast"": 63997, ""tier1_gpu_overflow"": 57658, ""tier2_host_ram"": 0, ""tier3_nvme_like"": 1119}"
small_int4_no_prefetch,mixed_locality,cost_aware,int4,False,360,130,72,1.0122005555555595,0.6388888888888888,219685,219685,0,0,0,0,0.0,"{""tier0_gpu_fast"": 0.6388888888888888, ""tier1_gpu_overflow"": 0.05555555555555555}","{""tier0_gpu_fast"": 63997, ""tier1_gpu_overflow"": 57701, ""tier2_host_ram"": 0, ""tier3_nvme_like"": 1119}"
small_int4_no_prefetch,mixed_locality,predictive,int4,False,360,130,72,1.0121984722222264,0.6388888888888888,219655,219655,0,0,0,0,0.0,"{""tier0_gpu_fast"": 0.6388888888888888, ""tier1_gpu_overflow"": 0.05555555555555555}","{""tier0_gpu_fast"": 63997, ""tier1_gpu_overflow"": 57675, ""tier2_host_ram"": 0, ""tier3_nvme_like"": 1119}"
small_int4_no_prefetch,mixed_locality,regret_aware,int4,False,360,130,72,1.0122005555555598,0.6388888888888888,219685,219685,0,0,0,0,0.0,"{""tier0_gpu_fast"": 0.6388888888888888, ""tier1_gpu_overflow"": 0.05555555555555555}","{""tier0_gpu_fast"": 63997, ""tier1_gpu_overflow"": 57658, ""tier2_host_ram"": 0, ""tier3_nvme_like"": 1119}"
base_fp8_prefetch,chat_continuation,lru,fp8,True,256,17,0,0.263849609375001,0.93359375,34731,34731,0,0,0,0,0.0,"{""tier0_gpu_fast"": 0.93359375}","{""tier0_gpu_fast"": 34731, ""tier1_gpu_overflow"": 0, ""tier2_host_ram"": 0, ""tier3_nvme_like"": 2110}"
base_fp8_prefetch,chat_continuation,windowed_recency,fp8,True,256,17,0,0.263849609375001,0.93359375,34731,34731,0,0,0,0,0.0,"{""tier0_gpu_fast"": 0.93359375}","{""tier0_gpu_fast"": 34731, ""tier1_gpu_overflow"": 0, ""tier2_host_ram"": 0, ""tier3_nvme_like"": 2110}"
base_fp8_prefetch,chat_continuation,heavy_hitter,fp8,True,256,17,0,0.263849609375001,0.93359375,34731,34731,0,0,0,0,0.0,"{""tier0_gpu_fast"": 0.93359375}","{""tier0_gpu_fast"": 34731, ""tier1_gpu_overflow"": 0, ""tier2_host_ram"": 0, ""tier3_nvme_like"": 2110}"
base_fp8_prefetch,chat_continuation,cost_aware,fp8,True,256,17,0,0.263849609375001,0.93359375,34731,34731,0,0,0,0,0.0,"{""tier0_gpu_fast"": 0.93359375}","{""tier0_gpu_fast"": 34731, ""tier1_gpu_overflow"": 0, ""tier2_host_ram"": 0, ""tier3_nvme_like"": 2110}"
base_fp8_prefetch,chat_continuation,predictive,fp8,True,256,17,0,0.263849609375001,0.93359375,34731,34731,0,0,0,0,0.0,"{""tier0_gpu_fast"": 0.93359375}","{""tier0_gpu_fast"": 34731, ""tier1_gpu_overflow"": 0, ""tier2_host_ram"": 0, ""tier3_nvme_like"": 2110}"
base_fp8_prefetch,chat_continuation,regret_aware,fp8,True,256,17,0,0.263849609375001,0.93359375,34731,34731,0,0,0,0,0.0,"{""tier0_gpu_fast"": 0.93359375}","{""tier0_gpu_fast"": 34731, ""tier1_gpu_overflow"": 0, ""tier2_host_ram"": 0, ""tier3_nvme_like"": 2110}"
base_fp8_prefetch,rag_burst,lru,fp8,True,320,74,19,0.8276236718750006,0.76875,213636,213636,0,0,0,0,0.0,"{""tier0_gpu_fast"": 0.76875, ""tier1_gpu_overflow"": 0.015625}","{""tier0_gpu_fast"": 126837, ""tier1_gpu_overflow"": 32103, ""tier2_host_ram"": 0, ""tier3_nvme_like"": 2364}"
base_fp8_prefetch,rag_burst,windowed_recency,fp8,True,320,74,19,0.8276236718750006,0.76875,213636,213636,0,0,0,0,0.0,"{""tier0_gpu_fast"": 0.76875, ""tier1_gpu_overflow"": 0.015625}","{""tier0_gpu_fast"": 126837, ""tier1_gpu_overflow"": 32103, ""tier2_host_ram"": 0, ""tier3_nvme_like"": 2364}"
base_fp8_prefetch,rag_burst,heavy_hitter,fp8,True,320,73,18,0.8268096093750007,0.771875,209216,209216,0,0,0,0,0.0,"{""tier0_gpu_fast"": 0.771875, ""tier1_gpu_overflow"": 0.0125}","{""tier0_gpu_fast"": 126799, ""tier1_gpu_overflow"": 32195, ""tier2_host_ram"": 0, ""tier3_nvme_like"": 2364}"
base_fp8_prefetch,rag_burst,cost_aware,fp8,True,320,73,18,0.8268096093750007,0.771875,209216,209216,0,0,0,0,0.0,"{""tier0_gpu_fast"": 0.771875, ""tier1_gpu_overflow"": 0.0125}","{""tier0_gpu_fast"": 126748, ""tier1_gpu_overflow"": 32195, ""tier2_host_ram"": 0, ""tier3_nvme_like"": 2364}"
base_fp8_prefetch,rag_burst,predictive,fp8,True,320,73,18,0.8268078125000006,0.771875,209193,209193,0,0,0,0,0.0,"{""tier0_gpu_fast"": 0.771875, ""tier1_gpu_overflow"": 0.0125}","{""tier0_gpu_fast"": 126799, ""tier1_gpu_overflow"": 32172, ""tier2_host_ram"": 0, ""tier3_nvme_like"": 2364}"
base_fp8_prefetch,rag_burst,regret_aware,fp8,True,320,73,18,0.8268096093750007,0.771875,209216,209216,0,0,0,0,0.0,"{""tier0_gpu_fast"": 0.771875, ""tier1_gpu_overflow"": 0.0125}","{""tier0_gpu_fast"": 126799, ""tier1_gpu_overflow"": 32195, ""tier2_host_ram"": 0, ""tier3_nvme_like"": 2364}"
base_fp8_prefetch,periodic_reuse,lru,fp8,True,320,9,0,0.1290984375000011,0.971875,18423,18423,0,0,0,0,0.0,"{""tier0_gpu_fast"": 0.971875}","{""tier0_gpu_fast"": 18423, ""tier1_gpu_overflow"": 0, ""tier2_host_ram"": 0, ""tier3_nvme_like"": 2094}"
base_fp8_prefetch,periodic_reuse,windowed_recency,fp8,True,320,9,0,0.1290984375000011,0.971875,18423,18423,0,0,0,0,0.0,"{""tier0_gpu_fast"": 0.971875}","{""tier0_gpu_fast"": 18423, ""tier1_gpu_overflow"": 0, ""tier2_host_ram"": 0, ""tier3_nvme_like"": 2094}"
base_fp8_prefetch,periodic_reuse,heavy_hitter,fp8,True,320,9,0,0.1290984375000011,0.971875,18423,18423,0,0,0,0,0.0,"{""tier0_gpu_fast"": 0.971875}","{""tier0_gpu_fast"": 18423, ""tier1_gpu_overflow"": 0, ""tier2_host_ram"": 0, ""tier3_nvme_like"": 2094}"
base_fp8_prefetch,periodic_reuse,cost_aware,fp8,True,320,9,0,0.1290984375000011,0.971875,18423,18423,0,0,0,0,0.0,"{""tier0_gpu_fast"": 0.971875}","{""tier0_gpu_fast"": 18423, ""tier1_gpu_overflow"": 0, ""tier2_host_ram"": 0, ""tier3_nvme_like"": 2094}"
base_fp8_prefetch,periodic_reuse,predictive,fp8,True,320,9,0,0.1290984375000011,0.971875,18423,18423,0,0,0,0,0.0,"{""tier0_gpu_fast"": 0.971875}","{""tier0_gpu_fast"": 18423, ""tier1_gpu_overflow"": 0, ""tier2_host_ram"": 0, ""tier3_nvme_like"": 2094}"
base_fp8_prefetch,periodic_reuse,regret_aware,fp8,True,320,9,0,0.1290984375000011,0.971875,18423,18423,0,0,0,0,0.0,"{""tier0_gpu_fast"": 0.971875}","{""tier0_gpu_fast"": 18423, ""tier1_gpu_overflow"": 0, ""tier2_host_ram"": 0, ""tier3_nvme_like"": 2094}"
base_fp8_prefetch,long_tail_mix,lru,fp8,True,400,59,0,0.550232500000001,0.8525,121186,121186,0,0,0,0,0.0,"{""tier0_gpu_fast"": 0.8525}","{""tier0_gpu_fast"": 121186, ""tier1_gpu_overflow"": 0, ""tier2_host_ram"": 0, ""tier3_nvme_like"": 2112}"
base_fp8_prefetch,long_tail_mix,windowed_recency,fp8,True,400,59,0,0.550232500000001,0.8525,121186,121186,0,0,0,0,0.0,"{""tier0_gpu_fast"": 0.8525}","{""tier0_gpu_fast"": 121186, ""tier1_gpu_overflow"": 0, ""tier2_host_ram"": 0, ""tier3_nvme_like"": 2112}"
base_fp8_prefetch,long_tail_mix,heavy_hitter,fp8,True,400,59,0,0.550232500000001,0.8525,121186,121186,0,0,0,0,0.0,"{""tier0_gpu_fast"": 0.8525}","{""tier0_gpu_fast"": 121186, ""tier1_gpu_overflow"": 0, ""tier2_host_ram"": 0, ""tier3_nvme_like"": 2112}"
base_fp8_prefetch,long_tail_mix,cost_aware,fp8,True,400,59,0,0.550232500000001,0.8525,121186,121186,0,0,0,0,0.0,"{""tier0_gpu_fast"": 0.8525}","{""tier0_gpu_fast"": 121186, ""tier1_gpu_overflow"": 0, ""tier2_host_ram"": 0, ""tier3_nvme_like"": 2112}"
base_fp8_prefetch,long_tail_mix,predictive,fp8,True,400,59,0,0.550232500000001,0.8525,121186,121186,0,0,0,0,0.0,"{""tier0_gpu_fast"": 0.8525}","{""tier0_gpu_fast"": 121186, ""tier1_gpu_overflow"": 0, ""tier2_host_ram"": 0, ""tier3_nvme_like"": 2112}"
base_fp8_prefetch,long_tail_mix,regret_aware,fp8,True,400,59,0,0.550232500000001,0.8525,121186,121186,0,0,0,0,0.0,"{""tier0_gpu_fast"": 0.8525}","{""tier0_gpu_fast"": 121186, ""tier1_gpu_overflow"": 0, ""tier2_host_ram"": 0, ""tier3_nvme_like"": 2112}"
base_fp8_prefetch,prefetch_friendly,lru,fp8,True,240,48,0,0.7348062500000009,0.8,98307,98307,0,0,0,0,0.0,"{""tier0_gpu_fast"": 0.8}","{""tier0_gpu_fast"": 98307, ""tier1_gpu_overflow"": 0, ""tier2_host_ram"": 0, ""tier3_nvme_like"": 2112}"
base_fp8_prefetch,prefetch_friendly,windowed_recency,fp8,True,240,48,0,0.7348062500000009,0.8,98307,98307,0,0,0,0,0.0,"{""tier0_gpu_fast"": 0.8}","{""tier0_gpu_fast"": 98307, ""tier1_gpu_overflow"": 0, ""tier2_host_ram"": 0, ""tier3_nvme_like"": 2112}"
base_fp8_prefetch,prefetch_friendly,heavy_hitter,fp8,True,240,48,0,0.7348062500000009,0.8,98307,98307,0,0,0,0,0.0,"{""tier0_gpu_fast"": 0.8}","{""tier0_gpu_fast"": 98307, ""tier1_gpu_overflow"": 0, ""tier2_host_ram"": 0, ""tier3_nvme_like"": 2112}"
base_fp8_prefetch,prefetch_friendly,cost_aware,fp8,True,240,48,0,0.7348062500000009,0.8,98307,98307,0,0,0,0,0.0,"{""tier0_gpu_fast"": 0.8}","{""tier0_gpu_fast"": 98307, ""tier1_gpu_overflow"": 0, ""tier2_host_ram"": 0, ""tier3_nvme_like"": 2112}"
base_fp8_prefetch,prefetch_friendly,predictive,fp8,True,240,48,0,0.7348062500000009,0.8,98307,98307,0,0,0,0,0.0,"{""tier0_gpu_fast"": 0.8}","{""tier0_gpu_fast"": 98307, ""tier1_gpu_overflow"": 0, ""tier2_host_ram"": 0, ""tier3_nvme_like"": 2112}"
base_fp8_prefetch,prefetch_friendly,regret_aware,fp8,True,240,48,0,0.7348062500000009,0.8,98307,98307,0,0,0,0,0.0,"{""tier0_gpu_fast"": 0.8}","{""tier0_gpu_fast"": 98307, ""tier1_gpu_overflow"": 0, ""tier2_host_ram"": 0, ""tier3_nvme_like"": 2112}"
base_fp8_prefetch,adversarial_burst,lru,fp8,True,320,162,102,1.1543572656249903,0.49375,557256,557256,0,0,0,0,0.0,"{""tier0_gpu_fast"": 0.49375, ""tier1_gpu_overflow"": 0.209375}","{""tier0_gpu_fast"": 126766, ""tier1_gpu_overflow"": 76274, ""tier2_host_ram"": 0, ""tier3_nvme_like"": 2175}"
base_fp8_prefetch,adversarial_burst,windowed_recency,fp8,True,320,162,102,1.1543572656249903,0.49375,557256,557256,0,0,0,0,0.0,"{""tier0_gpu_fast"": 0.49375, ""tier1_gpu_overflow"": 0.209375}","{""tier0_gpu_fast"": 126766, ""tier1_gpu_overflow"": 76274, ""tier2_host_ram"": 0, ""tier3_nvme_like"": 2175}"
base_fp8_prefetch,adversarial_burst,heavy_hitter,fp8,True,320,165,105,1.1567548437499897,0.484375,569945,569945,0,0,0,0,0.0,"{""tier0_gpu_fast"": 0.484375, ""tier1_gpu_overflow"": 0.21875}","{""tier0_gpu_fast"": 126766, ""tier1_gpu_overflow"": 76121, ""tier2_host_ram"": 0, ""tier3_nvme_like"": 2175}"
base_fp8_prefetch,adversarial_burst,cost_aware,fp8,True,320,163,103,1.1551739062499897,0.490625,561709,561709,0,0,0,0,0.0,"{""tier0_gpu_fast"": 0.490625, ""tier1_gpu_overflow"": 0.2125}","{""tier0_gpu_fast"": 126766, ""tier1_gpu_overflow"": 76121, ""tier2_host_ram"": 0, ""tier3_nvme_like"": 2175}"
base_fp8_prefetch,adversarial_burst,predictive,fp8,True,320,161,102,1.1544453124999898,0.49687499999999996,557183,555107,2076,1,0,1,0.0,"{""tier0_gpu_fast"": 0.496875, ""tier1_gpu_overflow"": 0.20625}","{""tier0_gpu_fast"": 126766, ""tier1_gpu_overflow"": 76131, ""tier2_host_ram"": 0, ""tier3_nvme_like"": 2175}"
base_fp8_prefetch,adversarial_burst,regret_aware,fp8,True,320,165,105,1.1567309374999901,0.484375,569639,569639,0,0,0,0,0.0,"{""tier0_gpu_fast"": 0.484375, ""tier1_gpu_overflow"": 0.21875}","{""tier0_gpu_fast"": 126766, ""tier1_gpu_overflow"": 76042, ""tier2_host_ram"": 0, ""tier3_nvme_like"": 2175}"
base_fp8_prefetch,mixed_locality,lru,fp8,True,360,147,89,1.173435347222213,0.5916666666666667,512761,512761,0,0,0,0,0.0,"{""tier0_gpu_fast"": 0.5916666666666667, ""tier1_gpu_overflow"": 0.10277777777777777}","{""tier0_gpu_fast"": 127981, ""tier1_gpu_overflow"": 115425, ""tier2_host_ram"": 0, ""tier3_nvme_like"": 2239}"
base_fp8_prefetch,mixed_locality,windowed_recency,fp8,True,360,147,89,1.173435347222213,0.5916666666666667,512761,512761,0,0,0,0,0.0,"{""tier0_gpu_fast"": 0.5916666666666667, ""tier1_gpu_overflow"": 0.10277777777777777}","{""tier0_gpu_fast"": 127981, ""tier1_gpu_overflow"": 115425, ""tier2_host_ram"": 0, ""tier3_nvme_like"": 2239}"
base_fp8_prefetch,mixed_locality,heavy_hitter,fp8,True,360,130,72,1.1612627777777678,0.6388888888888888,439476,439476,0,0,0,0,0.0,"{""tier0_gpu_fast"": 0.6388888888888888, ""tier1_gpu_overflow"": 0.05555555555555555}","{""tier0_gpu_fast"": 127982, ""tier1_gpu_overflow"": 115342, ""tier2_host_ram"": 0, ""tier3_nvme_like"": 2239}"
base_fp8_prefetch,mixed_locality,cost_aware,fp8,True,360,130,72,1.1612705555555456,0.6388888888888888,439588,439588,0,0,0,0,0.0,"{""tier0_gpu_fast"": 0.6388888888888888, ""tier1_gpu_overflow"": 0.05555555555555555}","{""tier0_gpu_fast"": 127999, ""tier1_gpu_overflow"": 115570, ""tier2_host_ram"": 0, ""tier3_nvme_like"": 2239}"
base_fp8_prefetch,mixed_locality,predictive,fp8,True,360,130,72,1.1612586111111012,0.6388888888888888,439416,439416,0,0,0,0,0.0,"{""tier0_gpu_fast"": 0.6388888888888888, ""tier1_gpu_overflow"": 0.05555555555555555}","{""tier0_gpu_fast"": 127982, ""tier1_gpu_overflow"": 115376, ""tier2_host_ram"": 0, ""tier3_nvme_like"": 2239}"
base_fp8_prefetch,mixed_locality,regret_aware,fp8,True,360,130,72,1.1612627777777678,0.6388888888888888,439476,439476,0,0,0,0,0.0,"{""tier0_gpu_fast"": 0.6388888888888888, ""tier1_gpu_overflow"": 0.05555555555555555}","{""tier0_gpu_fast"": 127982, ""tier1_gpu_overflow"": 115342, ""tier2_host_ram"": 0, ""tier3_nvme_like"": 2239}"
constrained_fp16_prefetch,chat_continuation,lru,fp16,True,256,35,28,0.35294453125000036,0.86328125,256774,256774,0,0,0,0,0.0,"{""tier0_gpu_fast"": 0.86328125, ""tier1_gpu_overflow"": 0.0703125}","{""tier0_gpu_fast"": 28894, ""tier1_gpu_overflow"": 44972, ""tier2_host_ram"": 0, ""tier3_nvme_like"": 4220}"
constrained_fp16_prefetch,chat_continuation,windowed_recency,fp16,True,256,41,34,0.3611408203125004,0.83984375,307104,307104,0,0,0,0,0.0,"{""tier0_gpu_fast"": 0.83984375, ""tier1_gpu_overflow"": 0.09375}","{""tier0_gpu_fast"": 28836, ""tier1_gpu_overflow"": 44786, ""tier2_host_ram"": 0, ""tier3_nvme_like"": 4220}"
constrained_fp16_prefetch,chat_continuation,heavy_hitter,fp16,True,256,73,66,0.4046087890625014,0.71484375,573016,573016,0,0,0,0,0.0,"{""tier0_gpu_fast"": 0.71484375, ""tier1_gpu_overflow"": 0.21875}","{""tier0_gpu_fast"": 28690, ""tier1_gpu_overflow"": 45026, ""tier2_host_ram"": 0, ""tier3_nvme_like"": 4220}"
constrained_fp16_prefetch,chat_continuation,cost_aware,fp16,True,256,73,66,0.4046087890625014,0.71484375,573016,573016,0,0,0,0,0.0,"{""tier0_gpu_fast"": 0.71484375, ""tier1_gpu_overflow"": 0.21875}","{""tier0_gpu_fast"": 28690, ""tier1_gpu_overflow"": 45026, ""tier2_host_ram"": 0, ""tier3_nvme_like"": 4220}"
constrained_fp16_prefetch,chat_continuation,predictive,fp16,True,256,79,110,0.4669923828125023,0.69140625,935024,778736,156288,38,5,33,0.13157894736842105,"{""tier0_gpu_fast"": 0.69140625, ""tier1_gpu_overflow"": 0.2421875}","{""tier0_gpu_fast"": 28690, ""tier1_gpu_overflow"": 45026, ""tier2_host_ram"": 0, ""tier3_nvme_like"": 4220}"
constrained_fp16_prefetch,chat_continuation,regret_aware,fp16,True,256,55,48,0.3802132812500008,0.78515625,424006,424006,0,0,0,0,0.0,"{""tier0_gpu_fast"": 0.78515625, ""tier1_gpu_overflow"": 0.1484375}","{""tier0_gpu_fast"": 28804, ""tier1_gpu_overflow"": 44888, ""tier2_host_ram"": 0, ""tier3_nvme_like"": 4220}"
constrained_fp16_prefetch,rag_burst,lru,fp16,True,320,259,391,1.9598539062499956,0.19062500000000004,3000364,3000364,0,0,0,0,0.0,"{""tier0_gpu_fast"": 0.190625, ""tier1_gpu_overflow"": 0.31875, ""tier2_host_ram"": 0.275}","{""tier0_gpu_fast"": 31992, ""tier1_gpu_overflow"": 60568, ""tier2_host_ram"": 235150, ""tier3_nvme_like"": 4728}"
constrained_fp16_prefetch,rag_burst,windowed_recency,fp16,True,320,242,373,1.9417620312499952,0.24375000000000002,2836564,2836564,0,0,0,0,0.0,"{""tier0_gpu_fast"": 0.24375, ""tier1_gpu_overflow"": 0.2625, ""tier2_host_ram"": 0.278125}","{""tier0_gpu_fast"": 31998, ""tier1_gpu_overflow"": 60496, ""tier2_host_ram"": 230422, ""tier3_nvme_like"": 4728}"
constrained_fp16_prefetch,rag_burst,heavy_hitter,fp16,True,320,238,332,1.7222571874999946,0.25625,2625390,2625390,0,0,0,0,0.0,"{""tier0_gpu_fast"": 0.25625, ""tier1_gpu_overflow"": 0.371875, ""tier2_host_ram"": 0.15625}","{""tier0_gpu_fast"": 28202, ""tier1_gpu_overflow"": 63996, ""tier2_host_ram"": 234448, ""tier3_nvme_like"": 4728}"
constrained_fp16_prefetch,rag_burst,cost_aware,fp16,True,320,242,337,1.7326368749999954,0.24375000000000002,2668074,2668074,0,0,0,0,0.0,"{""tier0_gpu_fast"": 0.24375, ""tier1_gpu_overflow"": 0.38125, ""tier2_host_ram"": 0.159375}","{""tier0_gpu_fast"": 28070, ""tier1_gpu_overflow"": 63986, ""tier2_host_ram"": 234448, ""tier3_nvme_like"": 4728}"
constrained_fp16_prefetch,rag_burst,predictive,fp16,True,320,238,406,1.8127646874999925,0.25625,3310286,2967826,342460,74,2,72,0.02702702702702703,"{""tier0_gpu_fast"": 0.25625, ""tier1_gpu_overflow"": 0.371875, ""tier2_host_ram"": 0.15625}","{""tier0_gpu_fast"": 28202, ""tier1_gpu_overflow"": 63996, ""tier2_host_ram"": 234448, ""tier3_nvme_like"": 4728}"
constrained_fp16_prefetch,rag_burst,regret_aware,fp16,True,320,243,334,1.718954062499995,0.24062499999999998,2659126,2659126,0,0,0,0,0.0,"{""tier0_gpu_fast"": 0.240625, ""tier1_gpu_overflow"": 0.390625, ""tier2_host_ram"": 0.153125}","{""tier0_gpu_fast"": 31996, ""tier1_gpu_overflow"": 63984, ""tier2_host_ram"": 229932, ""tier3_nvme_like"": 4728}"
constrained_fp16_prefetch,periodic_reuse,lru,fp16,True,320,320,313,0.48403765624999984,0.0,2591608,2591608,0,0,0,0,0.0,"{""tier1_gpu_overflow"": 0.971875}","{""tier0_gpu_fast"": 28722, ""tier1_gpu_overflow"": 12398, ""tier2_host_ram"": 0, ""tier3_nvme_like"": 4188}"
constrained_fp16_prefetch,periodic_reuse,windowed_recency,fp16,True,320,320,313,0.48403765624999984,0.0,2591608,2591608,0,0,0,0,0.0,"{""tier1_gpu_overflow"": 0.971875}","{""tier0_gpu_fast"": 28722, ""tier1_gpu_overflow"": 12398, ""tier2_host_ram"": 0, ""tier3_nvme_like"": 4188}"
constrained_fp16_prefetch,periodic_reuse,heavy_hitter,fp16,True,320,320,313,0.48403765624999984,0.0,2591608,2591608,0,0,0,0,0.0,"{""tier1_gpu_overflow"": 0.971875}","{""tier0_gpu_fast"": 28722, ""tier1_gpu_overflow"": 12398, ""tier2_host_ram"": 0, ""tier3_nvme_like"": 4188}"
constrained_fp16_prefetch,periodic_reuse,cost_aware,fp16,True,320,285,278,0.4464717187499997,0.109375,2306764,2306764,0,0,0,0,0.0,"{""tier0_gpu_fast"": 0.109375, ""tier1_gpu_overflow"": 0.8625}","{""tier0_gpu_fast"": 28722, ""tier1_gpu_overflow"": 12398, ""tier2_host_ram"": 0, ""tier3_nvme_like"": 4188}"
constrained_fp16_prefetch,periodic_reuse,predictive,fp16,True,320,19,314,0.5039865625000012,0.940625,2599754,1363316,1236438,302,301,1,0.9966887417218543,"{""tier0_gpu_fast"": 0.940625, ""tier1_gpu_overflow"": 0.03125}","{""tier0_gpu_fast"": 28722, ""tier1_gpu_overflow"": 12398, ""tier2_host_ram"": 0, ""tier3_nvme_like"": 4188}"
constrained_fp16_prefetch,periodic_reuse,regret_aware,fp16,True,320,320,313,0.48403765624999984,0.0,2591608,2591608,0,0,0,0,0.0,"{""tier1_gpu_overflow"": 0.971875}","{""tier0_gpu_fast"": 28722, ""tier1_gpu_overflow"": 12398, ""tier2_host_ram"": 0, ""tier3_nvme_like"": 4188}"
constrained_fp16_prefetch,long_tail_mix,lru,fp16,True,400,263,319,1.0857463749999992,0.3425,2389810,2389810,0,0,0,0,0.0,"{""tier0_gpu_fast"": 0.3425, ""tier1_gpu_overflow"": 0.445, ""tier2_host_ram"": 0.065}","{""tier0_gpu_fast"": 29136, ""tier1_gpu_overflow"": 62116, ""tier2_host_ram"": 156032, ""tier3_nvme_like"": 4224}"
constrained_fp16_prefetch,long_tail_mix,windowed_recency,fp16,True,400,234,290,1.0607846249999984,0.41500000000000004,2152822,2152822,0,0,0,0,0.0,"{""tier0_gpu_fast"": 0.415, ""tier1_gpu_overflow"": 0.3725, ""tier2_host_ram"": 0.065}","{""tier0_gpu_fast"": 29120, ""tier1_gpu_overflow"": 62036, ""tier2_host_ram"": 156032, ""tier3_nvme_like"": 4224}"
constrained_fp16_prefetch,long_tail_mix,heavy_hitter,fp16,True,400,223,270,1.011973124999999,0.4425,2031262,2031262,0,0,0,0,0.0,"{""tier0_gpu_fast"": 0.4425, ""tier1_gpu_overflow"": 0.37, ""tier2_host_ram"": 0.04}","{""tier0_gpu_fast"": 28942, ""tier1_gpu_overflow"": 62116, ""tier2_host_ram"": 156158, ""tier3_nvme_like"": 4224}"
constrained_fp16_prefetch,long_tail_mix,cost_aware,fp16,True,400,218,265,1.0076988749999989,0.45499999999999996,1990874,1990874,0,0,0,0,0.0,"{""tier0_gpu_fast"": 0.455, ""tier1_gpu_overflow"": 0.3575, ""tier2_host_ram"": 0.04}","{""tier0_gpu_fast"": 28942, ""tier1_gpu_overflow"": 62116, ""tier2_host_ram"": 156158, ""tier3_nvme_like"": 4224}"
constrained_fp16_prefetch,long_tail_mix,predictive,fp16,True,400,224,409,1.1396389999999998,0.43999999999999995,3185116,2611880,573236,138,8,130,0.057971014492753624,"{""tier0_gpu_fast"": 0.44, ""tier1_gpu_overflow"": 0.3725, ""tier2_host_ram"": 0.04}","{""tier0_gpu_fast"": 28942, ""tier1_gpu_overflow"": 62116, ""tier2_host_ram"": 156158, ""tier3_nvme_like"": 4224}"
constrained_fp16_prefetch,long_tail_mix,regret_aware,fp16,True,400,218,264,1.005178999999998,0.45499999999999996,1984004,1984004,0,0,0,0,0.0,"{""tier0_gpu_fast"": 0.455, ""tier1_gpu_overflow"": 0.3575, ""tier2_host_ram"": 0.04}","{""tier0_gpu_fast"": 28916, ""tier1_gpu_overflow"": 62116, ""tier2_host_ram"": 155894, ""tier3_nvme_like"": 4224}"
constrained_fp16_prefetch,prefetch_friendly,lru,fp16,True,240,240,451,2.6736270833333315,0.0,2829930,2829930,0,0,0,0,0.0,"{""tier2_host_ram"": 0.8}","{""tier0_gpu_fast"": 29114, ""tier1_gpu_overflow"": 61822, ""tier2_host_ram"": 110988, ""tier3_nvme_like"": 4224}"
constrained_fp16_prefetch,prefetch_friendly,windowed_recency,fp16,True,240,240,451,2.6736270833333315,0.0,2829930,2829930,0,0,0,0,0.0,"{""tier2_host_ram"": 0.8}","{""tier0_gpu_fast"": 29114, ""tier1_gpu_overflow"": 61822, ""tier2_host_ram"": 110988, ""tier3_nvme_like"": 4224}"
constrained_fp16_prefetch,prefetch_friendly,heavy_hitter,fp16,True,240,240,451,2.6736270833333315,0.0,2829930,2829930,0,0,0,0,0.0,"{""tier2_host_ram"": 0.8}","{""tier0_gpu_fast"": 29114, ""tier1_gpu_overflow"": 61822, ""tier2_host_ram"": 110988, ""tier3_nvme_like"": 4224}"
constrained_fp16_prefetch,prefetch_friendly,cost_aware,fp16,True,240,240,451,2.674155833333332,0.0,2831342,2831342,0,0,0,0,0.0,"{""tier2_host_ram"": 0.8}","{""tier0_gpu_fast"": 28948, ""tier1_gpu_overflow"": 61782, ""tier2_host_ram"": 111346, ""tier3_nvme_like"": 4224}"
constrained_fp16_prefetch,prefetch_friendly,predictive,fp16,True,240,97,453,2.6939047916666543,0.5958333333333333,2841932,2252090,589842,144,143,1,0.9930555555555556,"{""tier0_gpu_fast"": 0.5958333333333333, ""tier2_host_ram"": 0.20416666666666666}","{""tier0_gpu_fast"": 29114, ""tier1_gpu_overflow"": 61822, ""tier2_host_ram"": 110988, ""tier3_nvme_like"": 4224}"
constrained_fp16_prefetch,prefetch_friendly,regret_aware,fp16,True,240,240,451,2.6736270833333315,0.0,2829930,2829930,0,0,0,0,0.0,"{""tier2_host_ram"": 0.8}","{""tier0_gpu_fast"": 29114, ""tier1_gpu_overflow"": 61822, ""tier2_host_ram"": 110988, ""tier3_nvme_like"": 4224}"
constrained_fp16_prefetch,adversarial_burst,lru,fp16,True,320,320,632,3.6635503124999937,0.0,4014140,4014140,0,0,0,0,0.0,"{""tier1_gpu_overflow"": 0.03125, ""tier2_host_ram"": 0.621875, ""tier3_nvme_like"": 0.05}","{""tier0_gpu_fast"": 29916, ""tier1_gpu_overflow"": 63842, ""tier2_host_ram"": 249290, ""tier3_nvme_like"": 63658}"
constrained_fp16_prefetch,adversarial_burst,windowed_recency,fp16,True,320,320,632,3.6635503124999937,0.0,4014140,4014140,0,0,0,0,0.0,"{""tier1_gpu_overflow"": 0.03125, ""tier2_host_ram"": 0.621875, ""tier3_nvme_like"": 0.05}","{""tier0_gpu_fast"": 29926, ""tier1_gpu_overflow"": 63842, ""tier2_host_ram"": 249290, ""tier3_nvme_like"": 63658}"
constrained_fp16_prefetch,adversarial_burst,heavy_hitter,fp16,True,320,300,572,3.4084546874999972,0.0625,3677018,3677018,0,0,0,0,0.0,"{""tier0_gpu_fast"": 0.0625, ""tier1_gpu_overflow"": 0.090625, ""tier2_host_ram"": 0.503125, ""tier3_nvme_like"": 0.046875}","{""tier0_gpu_fast"": 29874, ""tier1_gpu_overflow"": 63702, ""tier2_host_ram"": 249260, ""tier3_nvme_like"": 63472}"
constrained_fp16_prefetch,adversarial_burst,cost_aware,fp16,True,320,302,575,3.4160639062499976,0.05625000000000002,3698728,3698728,0,0,0,0,0.0,"{""tier0_gpu_fast"": 0.05625, ""tier1_gpu_overflow"": 0.09375, ""tier2_host_ram"": 0.50625, ""tier3_nvme_like"": 0.046875}","{""tier0_gpu_fast"": 29760, ""tier1_gpu_overflow"": 63670, ""tier2_host_ram"": 249298, ""tier3_nvme_like"": 63472}"
constrained_fp16_prefetch,adversarial_burst,predictive,fp16,True,320,298,621,3.572677499999995,0.06874999999999998,4024416,3876410,148006,35,2,33,0.05714285714285714,"{""tier0_gpu_fast"": 0.06875, ""tier1_gpu_overflow"": 0.084375, ""tier2_host_ram"": 0.496875, ""tier3_nvme_like"": 0.053125}","{""tier0_gpu_fast"": 29874, ""tier1_gpu_overflow"": 63702, ""tier2_host_ram"": 249056, ""tier3_nvme_like"": 63632}"
constrained_fp16_prefetch,adversarial_burst,regret_aware,fp16,True,320,299,563,3.3645779687499995,0.06562500000000004,3634306,3634306,0,0,0,0,0.0,"{""tier0_gpu_fast"": 0.065625, ""tier1_gpu_overflow"": 0.1125, ""tier2_host_ram"": 0.478125, ""tier3_nvme_like"": 0.046875}","{""tier0_gpu_fast"": 29796, ""tier1_gpu_overflow"": 63764, ""tier2_host_ram"": 248996, ""tier3_nvme_like"": 63460}"
constrained_fp16_prefetch,mixed_locality,lru,fp16,True,360,253,457,3.0919520833333327,0.2972222222222223,3084210,3084210,0,0,0,0,0.0,"{""tier0_gpu_fast"": 0.2972222222222222, ""tier1_gpu_overflow"": 0.20555555555555555, ""tier2_host_ram"": 0.1361111111111111, ""tier3_nvme_like"": 0.05555555555555555}","{""tier0_gpu_fast"": 30954, ""tier1_gpu_overflow"": 61534, ""tier2_host_ram"": 248650, ""tier3_nvme_like"": 144308}"
constrained_fp16_prefetch,mixed_locality,windowed_recency,fp16,True,360,248,452,3.0871716666666655,0.3111111111111111,3042940,3042940,0,0,0,0,0.0,"{""tier0_gpu_fast"": 0.3111111111111111, ""tier1_gpu_overflow"": 0.19166666666666668, ""tier2_host_ram"": 0.1361111111111111, ""tier3_nvme_like"": 0.05555555555555555}","{""tier0_gpu_fast"": 30934, ""tier1_gpu_overflow"": 61618, ""tier2_host_ram"": 248650, ""tier3_nvme_like"": 144308}"
constrained_fp16_prefetch,mixed_locality,heavy_hitter,fp16,True,360,274,472,3.058784305555552,0.23888888888888893,3244040,3244040,0,0,0,0,0.0,"{""tier0_gpu_fast"": 0.2388888888888889, ""tier1_gpu_overflow"": 0.275, ""tier2_host_ram"": 0.12777777777777777, ""tier3_nvme_like"": 0.05277777777777778}","{""tier0_gpu_fast"": 30532, ""tier1_gpu_overflow"": 61088, ""tier2_host_ram"": 248520, ""tier3_nvme_like"": 144286}"
constrained_fp16_prefetch,mixed_locality,cost_aware,fp16,True,360,274,472,3.0588169444444406,0.23888888888888893,3244510,3244510,0,0,0,0,0.0,"{""tier0_gpu_fast"": 0.2388888888888889, ""tier1_gpu_overflow"": 0.275, ""tier2_host_ram"": 0.12777777777777777, ""tier3_nvme_like"": 0.05277777777777778}","{""tier0_gpu_fast"": 30532, ""tier1_gpu_overflow"": 61202, ""tier2_host_ram"": 248428, ""tier3_nvme_like"": 144712}"
constrained_fp16_prefetch,mixed_locality,predictive,fp16,True,360,274,555,3.2149206944444453,0.23888888888888893,3887498,3605086,282412,65,3,62,0.046153846153846156,"{""tier0_gpu_fast"": 0.2388888888888889, ""tier1_gpu_overflow"": 0.2638888888888889, ""tier2_host_ram"": 0.1388888888888889, ""tier3_nvme_like"": 0.05277777777777778}","{""tier0_gpu_fast"": 30532, ""tier1_gpu_overflow"": 61154, ""tier2_host_ram"": 248532, ""tier3_nvme_like"": 144286}"
constrained_fp16_prefetch,mixed_locality,regret_aware,fp16,True,360,260,459,3.0549098611111094,0.2777777777777778,3124986,3124986,0,0,0,0,0.0,"{""tier0_gpu_fast"": 0.2777777777777778, ""tier1_gpu_overflow"": 0.2388888888888889, ""tier2_host_ram"": 0.125, ""tier3_nvme_like"": 0.05277777777777778}","{""tier0_gpu_fast"": 30776, ""tier1_gpu_overflow"": 61194, ""tier2_host_ram"": 248334, ""tier3_nvme_like"": 144286}"
